[
  {
    "model": "match.student",
    "pk": 301,
    "fields": {
      "resume": "http://www.africau.edu/images/default/sample.pdf",
      "GPA": 3.99,
      "first_name": "Arami",
      "last_name": "Llera"
    }
  },
  {
    "model": "match.student",
    "pk": 302,
    "fields": {
      "resume": "http://www.africau.edu/images/default/sample.pdf",
      "GPA": 3.99,
      "first_name": "Tanner",
      "last_name": "Marky"
    }
  },
  {
    "model": "match.student",
    "pk": 303,
    "fields": {
      "resume": "http://www.africau.edu/images/default/sample.pdf",
      "GPA": 3.99,
      "first_name": "Lebron",
      "last_name": "James"
    }
  },
  {
    "model": "match.student",
    "pk": 304,
    "fields": {
      "resume": "http://www.africau.edu/images/default/sample.pdf",
      "GPA": 3.99,
      "first_name": "Psy",
      "last_name": "Kim"
    }
  },
  {
        "model": "match.student",
        "pk": 305,
        "fields": {
            "resume": "http://www.africau.edu/images/default/sample.pdf",
            "GPA": 3.99,
            "first_name": "Jacky",
            "last_name": "Stone"
        }
    },
    {
        "model": "match.student",
        "pk": 306,
        "fields": {
            "resume": "http://www.africau.edu/images/default/sample.pdf",
            "GPA": 3.99,
            "first_name": "Dwayne",
            "last_name": "Johnson"
        }
    },
    {
        "model": "match.student",
        "pk": 307,
        "fields": {
            "resume": "http://www.africau.edu/images/default/sample.pdf",
            "GPA": 3.99,
            "first_name": "Peter",
            "last_name": "Spider"
        }
    },
    {
        "model": "match.student",
        "pk": 308,
        "fields": {
            "resume": "http://www.africau.edu/images/default/sample.pdf",
            "GPA": 3.99,
            "first_name": "Stan",
            "last_name": "Lee"
        }
    },
    {
        "model": "match.student",
        "pk": 309,
        "fields": {
            "resume": "http://www.africau.edu/images/default/sample.pdf",
            "GPA": 3.99,
            "first_name": "Hulk",
            "last_name": "Hogan"
        }
    },
    {
        "model": "match.student",
        "pk": 310,
        "fields": {
            "resume": "http://www.africau.edu/images/default/sample.pdf",
            "GPA": 3.99,
            "first_name": "Steve",
            "last_name": "Austin"
        }
    },
  {
    "model": "match.company",
    "pk": 401,
    "fields": {
      "about_info": "The most amazing company",
      "company_location": "Plano, TX",
      "company_name": "JPMorgan Chase"
    }
  },
  {
    "model": "match.job",
    "pk": 701,
    "fields": {
      "description": "Amazing Job #1",
      "location": "Plano, TX",
      "compensation": 5000,
      "name": "Amazing Job #1",
      "number_of_positions": 1,
      "company": 401
    }
  },
  {
    "model": "match.job",
    "pk": 702,
    "fields": {
      "description": "Ok enough job",
      "location": "Plano, TX",
      "compensation": 5100,
      "name": "HR Manager",
      "number_of_positions": 1,
      "company": 401
    }
  },
  {
    "model": "match.job",
    "pk": 703,
    "fields": {
      "description": "Ok enough job",
      "location": "Plano, TX",
      "compensation": 5200,
      "name": "Remote dev",
      "number_of_positions": 1,
      "company": 401
    }
  },

  {
    "model": "match.job",
    "pk": 704,
    "fields": {
      "description": "Ok enough job",
      "location": "Plano, TX",
      "compensation": 5100,
      "name": "Web Dev",
      "number_of_positions": 1,
      "company": 401
    }
  },
  {
        "model": "match.job",
        "pk": 705,
        "fields": {
             "description": "Good enough job",
            "location": "Plano, TX",
            "compensation": 5050,
            "name": "Teacher",
            "number_of_positions": 1,
            "company": 401
        }
    },
    {
        "model": "match.job",
        "pk": 706,
        "fields": {
            "description": "Ok enough job",
            "location": "Plano, TX",
            "compensation": 5300,
            "name": "Code inspector",
            "number_of_positions": 1,
            "company": 401
        }
    },
    {
        "model": "match.job",
        "pk": 707,
        "fields": {
            "description": "Ok enough job",
            "location": "Plano, TX",
            "compensation": 5150,
            "name": "API Designer",
            "number_of_positions": 1,
            "company": 401
        }
    },
    {
        "model": "match.job",
        "pk": 708,
        "fields": {
            "description": "Ok enough job",
            "location": "Plano, TX",
            "compensation": 5100,
            "name": "Web security",
            "number_of_positions": 1,
            "company": 401
        }
    },
  {
        "model": "match.job",
        "pk": 709,
        "fields": {
            "description": "Ok enough job",
            "location": "Plano, TX",
            "compensation": 5100,
            "name": "Data Scientist",
            "number_of_positions": 1,
            "company": 401
        }
    },
  {
        "model": "match.job",
        "pk": 710,
        "fields": {
            "description": "Ok enough job",
            "location": "Plano, TX",
            "compensation": 5100,
            "name": "Data Scientist - junior",
            "number_of_positions": 1,
            "company": 401
        }
    },
  {
        "model": "match.StudentJob",
        "pk": 801,
        "fields": {
            "job": 701,
            "rank": 1,
            "student": 301
        }
    },
    {
        "model": "match.StudentJob",
        "pk": 802,
        "fields": {
            "job": 702,
            "rank": 2,
            "student": 301
        }
    },
    {
        "model": "match.StudentJob",
        "pk": 803,
        "fields": {
            "job": 702,
            "rank": 2,
            "student": 302
        }
    },
    {
        "model": "match.StudentJob",
        "pk": 804,
        "fields": {
            "job": 702,
            "rank": 1,
            "student": 302
        }
    },
  {
        "model": "match.StudentJob",
        "pk": 805,
        "fields": {
            "job": 701,
            "rank": 2,
            "student": 303
        }
    },
    {
        "model": "match.StudentJob",
        "pk": 806,
        "fields": {
            "job": 704,
            "rank": 3,
            "student": 304
        }
    },
  {
        "model": "match.StudentJob",
        "pk": 807,
        "fields": {
            "job": 703,
            "rank": 2,
            "student": 303
        }
    },
    {
        "model": "match.StudentJob",
        "pk": 808,
        "fields": {
            "job": 702,
            "rank": 1,
            "student": 303
        }
    },
  {
        "model": "match.StudentJob",
        "pk": 809,
        "fields": {
            "job": 705,
            "rank": 2,
            "student": 308
        }
    },
    {
        "model": "match.StudentJob",
        "pk": 810,
        "fields": {
            "job": 707,
            "rank": 1,
            "student": 307
        }
    },

  {
        "model": "match.StudentJob",
        "pk": 811,
        "fields": {
            "job": 708,
            "rank": 1,
            "student": 310
        }
    },
    {
        "model": "match.StudentJob",
        "pk": 812,
        "fields": {
            "job": 709,
            "rank": 1,
            "student": 309
        }
    },
  {
        "model": "match.StudentJob",
        "pk": 813,
        "fields": {
            "job": 7010,
            "rank": 1,
            "student": 309
        }
    },
  {
        "model": "match.StudentJob",
        "pk": 814,
        "fields": {
            "job": 709,
            "rank": 1,
            "student": 310
        }
    },
  {
        "model": "match.CompanyStudent",
        "pk": 901,
        "fields": {
            "job": 701,
            "rank": 1,
            "student": 301
        }
    },
    {
        "model": "match.CompanyStudent",
        "pk": 902,
        "fields": {
            "job": 702,
            "rank": 2,
            "student": 302
        }
    },
  {
        "model": "match.CompanyStudent",
        "pk": 903,
        "fields": {
            "job": 704,
            "rank": 1,
            "student": 304
        }
    },
    {
        "model": "match.CompanyStudent",
        "pk": 904,
        "fields": {
            "job": 703,
            "rank": 2,
            "student": 303
        }
    },
  {
        "model": "match.CompanyStudent",
        "pk": 905,
        "fields": {
            "job": 701,
            "rank": 2,
            "student": 301
        }
    },
    {
        "model": "match.CompanyStudent",
        "pk": 906,
        "fields": {
            "job": 704,
            "rank": 2,
            "student": 301
        }
    },
  {
        "model": "match.CompanyStudent",
        "pk": 907,
        "fields": {
            "job": 705,
            "rank": 2,
            "student": 306
        }
    },
    {
        "model": "match.CompanyStudent",
        "pk": 908,
        "fields": {
            "job": 706,
            "rank": 3,
            "student": 307
        }
    },
  {
        "model": "match.CompanyStudent",
        "pk": 909,
        "fields": {
            "job": 707,
            "rank": 2,
            "student": 308
        }
    },
    {
        "model": "match.CompanyStudent",
        "pk": 910,
        "fields": {
            "job": 708,
            "rank": 2,
            "student": 309
        }
    },
  {
        "model": "match.CompanyStudent",
        "pk": 911,
        "fields": {
            "job": 710,
            "rank": 2,
            "student": 310
        }
    }
]